character,house,relation
229,1,Over Lord
298,2,Current Lord
1922,2,Heir
285,2,Over Lord
298,2,Sworn Member
1129,2,Sworn Member
1301,2,Sworn Member
1922,2,Sworn Member
141,4,Current Lord
398,4,Over Lord
82,4,Sworn Member
102,4,Sworn Member
141,4,Sworn Member
152,4,Sworn Member
344,4,Sworn Member
398,5,Over Lord
7,6,Over Lord
894,7,Current Lord
477,7,Heir
16,7,Over Lord
144,7,Founder
49,7,Sworn Member
92,7,Sworn Member
93,7,Sworn Member
107,7,Sworn Member
223,7,Sworn Member
265,7,Sworn Member
300,7,Sworn Member
356,7,Sworn Member
477,7,Sworn Member
508,7,Sworn Member
540,7,Sworn Member
548,7,Sworn Member
558,7,Sworn Member
572,7,Sworn Member
688,7,Sworn Member
894,7,Sworn Member
1068,7,Sworn Member
1193,7,Sworn Member
1280,7,Sworn Member
1443,7,Sworn Member
1655,7,Sworn Member
1693,7,Sworn Member
1715,7,Sworn Member
1884,7,Sworn Member
398,8,Over Lord
121,8,Sworn Member
641,8,Sworn Member
895,8,Sworn Member
1812,8,Sworn Member
34,9,Over Lord
823,10,Current Lord
16,10,Over Lord
823,10,Founder
651,10,Sworn Member
804,10,Sworn Member
823,10,Sworn Member
957,10,Sworn Member
970,10,Sworn Member
823,11,Current Lord
7,11,Over Lord
1182,11,Founder
688,11,Sworn Member
823,11,Sworn Member
1240,11,Sworn Member
1249,11,Sworn Member
1448,11,Sworn Member
1581,11,Sworn Member
1719,11,Sworn Member
2052,11,Sworn Member
398,12,Over Lord
842,12,Sworn Member
837,13,Current Lord
229,13,Over Lord
497,13,Founder
497,13,Sworn Member
837,13,Sworn Member
332,14,Current Lord
15,14,Over Lord
332,14,Sworn Member
1963,15,Current Lord
975,15,Heir
16,15,Over Lord
1963,15,Founder
3,15,Sworn Member
7,15,Sworn Member
220,15,Sworn Member
243,15,Sworn Member
308,15,Sworn Member
369,15,Sworn Member
430,15,Sworn Member
601,15,Sworn Member
795,15,Sworn Member
881,15,Sworn Member
908,15,Sworn Member
925,15,Sworn Member
975,15,Sworn Member
1285,15,Sworn Member
1312,15,Sworn Member
1319,15,Sworn Member
1325,15,Sworn Member
1467,15,Sworn Member
1516,15,Sworn Member
1535,15,Sworn Member
1623,15,Sworn Member
1680,15,Sworn Member
1777,15,Sworn Member
1797,15,Sworn Member
1925,15,Sworn Member
1935,15,Sworn Member
2100,15,Sworn Member
1029,16,Current Lord
775,16,Heir
15,16,Over Lord
901,16,Founder
355,16,Sworn Member
775,16,Sworn Member
1009,16,Sworn Member
1325,16,Sworn Member
1713,16,Sworn Member
1782,16,Sworn Member
1798,16,Sworn Member
1826,16,Sworn Member
1029,17,Current Lord
775,17,Heir
16,17,Over Lord
797,17,Founder
110,17,Sworn Member
128,17,Sworn Member
216,17,Sworn Member
230,17,Sworn Member
249,17,Sworn Member
315,17,Sworn Member
435,17,Sworn Member
679,17,Sworn Member
794,17,Sworn Member
797,17,Sworn Member
862,17,Sworn Member
870,17,Sworn Member
986,17,Sworn Member
1044,17,Sworn Member
1188,17,Sworn Member
1233,17,Sworn Member
1355,17,Sworn Member
1473,17,Sworn Member
1552,17,Sworn Member
1103,18,Current Lord
195,18,Over Lord
366,18,Founder
94,18,Sworn Member
187,18,Sworn Member
193,18,Sworn Member
366,18,Sworn Member
509,18,Sworn Member
513,18,Sworn Member
549,18,Sworn Member
671,18,Sworn Member
1103,18,Sworn Member
176,19,Current Lord
7,19,Over Lord
176,19,Sworn Member
727,19,Sworn Member
229,20,Over Lord
573,20,Sworn Member
398,22,Over Lord
621,22,Sworn Member
378,23,Over Lord
267,23,Founder
8,23,Sworn Member
35,23,Sworn Member
47,23,Sworn Member
50,23,Sworn Member
83,23,Sworn Member
226,23,Sworn Member
267,23,Sworn Member
268,23,Sworn Member
697,23,Sworn Member
920,23,Sworn Member
1462,23,Sworn Member
2021,23,Sworn Member
1607,24,Current Lord
1574,24,Heir
285,24,Over Lord
1574,24,Sworn Member
1607,24,Sworn Member
1810,24,Sworn Member
318,25,Over Lord
169,26,Over Lord
158,26,Sworn Member
191,26,Sworn Member
2045,27,Current Lord
1241,27,Heir
10,27,Over Lord
108,27,Sworn Member
195,27,Sworn Member
737,27,Sworn Member
744,27,Sworn Member
843,27,Sworn Member
1241,27,Sworn Member
1640,27,Sworn Member
2045,27,Sworn Member
395,28,Over Lord
1135,28,Sworn Member
16,29,Over Lord
202,29,Sworn Member
318,30,Over Lord
16,31,Over Lord
1726,31,Sworn Member
150,32,Over Lord
17,33,Over Lord
491,33,Sworn Member
933,34,Current Lord
849,34,Heir
16,34,Over Lord
196,34,Sworn Member
314,34,Sworn Member
849,34,Sworn Member
933,34,Sworn Member
1084,34,Sworn Member
1159,34,Sworn Member
1208,34,Sworn Member
1313,34,Sworn Member
1329,34,Sworn Member
1452,34,Sworn Member
1492,34,Sworn Member
1648,34,Sworn Member
1747,34,Sworn Member
1949,34,Sworn Member
2077,34,Sworn Member
429,35,Current Lord
370,35,Over Lord
429,35,Sworn Member
419,36,Current Lord
169,36,Over Lord
163,36,Sworn Member
185,36,Sworn Member
419,36,Sworn Member
468,36,Sworn Member
474,36,Sworn Member
661,36,Sworn Member
717,36,Sworn Member
835,36,Sworn Member
958,36,Sworn Member
961,36,Sworn Member
1003,36,Sworn Member
1039,36,Sworn Member
1071,36,Sworn Member
2097,36,Sworn Member
1559,37,Current Lord
10,37,Over Lord
47,37,Sworn Member
165,37,Sworn Member
197,37,Sworn Member
807,37,Sworn Member
1160,37,Sworn Member
1187,37,Sworn Member
1212,37,Sworn Member
1259,37,Sworn Member
1496,37,Sworn Member
1537,37,Sworn Member
1559,37,Sworn Member
1596,37,Sworn Member
1624,37,Sworn Member
1710,37,Sworn Member
150,38,Over Lord
1055,40,Current Lord
393,40,Heir
229,40,Over Lord
120,40,Sworn Member
236,40,Sworn Member
393,40,Sworn Member
574,40,Sworn Member
765,40,Sworn Member
896,40,Sworn Member
897,40,Sworn Member
941,40,Sworn Member
1055,40,Sworn Member
1088,40,Sworn Member
398,43,Over Lord
229,46,Over Lord
177,46,Sworn Member
184,48,Current Lord
16,48,Over Lord
184,48,Sworn Member
651,48,Sworn Member
1380,49,Current Lord
16,49,Over Lord
1380,49,Sworn Member
848,50,Current Lord
17,50,Over Lord
234,50,Sworn Member
848,50,Sworn Member
16,51,Over Lord
537,51,Sworn Member
100,52,Current Lord
195,52,Over Lord
100,52,Sworn Member
224,52,Sworn Member
575,52,Sworn Member
34,53,Over Lord
398,54,Over Lord
174,54,Sworn Member
10,55,Over Lord
113,55,Sworn Member
1167,55,Sworn Member
1287,55,Sworn Member
2021,55,Sworn Member
2054,55,Sworn Member
16,56,Over Lord
162,56,Sworn Member
392,56,Sworn Member
16,57,Over Lord
523,57,Sworn Member
17,58,Over Lord
1252,58,Sworn Member
378,59,Over Lord
925,60,Current Lord
15,60,Over Lord
220,60,Sworn Member
221,60,Sworn Member
769,60,Sworn Member
816,60,Sworn Member
925,60,Sworn Member
194,61,Current Lord
362,61,Over Lord
194,61,Sworn Member
595,61,Sworn Member
724,61,Sworn Member
912,61,Sworn Member
1286,62,Founder
1286,62,Sworn Member
644,63,Current Lord
398,63,Over Lord
133,63,Sworn Member
248,63,Sworn Member
566,63,Sworn Member
642,63,Sworn Member
644,63,Sworn Member
789,63,Sworn Member
16,64,Over Lord
127,65,Current Lord
16,65,Over Lord
127,65,Sworn Member
588,66,Current Lord
34,66,Over Lord
247,66,Sworn Member
588,66,Sworn Member
734,66,Sworn Member
143,68,Over Lord
119,68,Sworn Member
240,68,Sworn Member
16,69,Over Lord
831,69,Sworn Member
760,70,Current Lord
398,70,Over Lord
760,70,Sworn Member
663,71,Current Lord
16,71,Over Lord
663,71,Sworn Member
229,72,Over Lord
1272,72,Founder
955,72,Sworn Member
1270,72,Sworn Member
1272,72,Sworn Member
1350,72,Sworn Member
1356,72,Sworn Member
1442,72,Sworn Member
1568,72,Sworn Member
1814,72,Sworn Member
1852,72,Sworn Member
1994,72,Sworn Member
2012,72,Sworn Member
1403,73,Current Lord
120,73,Over Lord
551,73,Sworn Member
1403,73,Sworn Member
1516,73,Sworn Member
398,74,Over Lord
83,74,Sworn Member
169,75,Over Lord
358,75,Sworn Member
653,75,Sworn Member
939,76,Current Lord
328,76,Over Lord
939,76,Sworn Member
2138,77,Sworn Member
66,78,Over Lord
607,78,Sworn Member
398,79,Over Lord
1276,79,Sworn Member
576,80,Current Lord
17,80,Over Lord
84,80,Sworn Member
576,80,Sworn Member
928,80,Sworn Member
932,80,Sworn Member
1899,80,Sworn Member
681,81,Current Lord
677,81,Heir
7,81,Over Lord
256,81,Founder
255,81,Sworn Member
256,81,Sworn Member
447,81,Sworn Member
654,81,Sworn Member
677,81,Sworn Member
681,81,Sworn Member
871,81,Sworn Member
1182,81,Sworn Member
398,82,Over Lord
1030,83,Current Lord
195,83,Over Lord
51,83,Sworn Member
1028,83,Sworn Member
1030,83,Sworn Member
1846,84,Current Lord
395,84,Over Lord
1846,84,Sworn Member
16,85,Over Lord
241,85,Sworn Member
244,85,Sworn Member
942,85,Sworn Member
1271,85,Sworn Member
1330,85,Sworn Member
922,86,Current Lord
1046,86,Heir
229,86,Over Lord
257,86,Founder
112,86,Sworn Member
225,86,Sworn Member
242,86,Sworn Member
257,86,Sworn Member
670,86,Sworn Member
741,86,Sworn Member
748,86,Sworn Member
921,86,Sworn Member
922,86,Sworn Member
973,86,Sworn Member
996,86,Sworn Member
1046,86,Sworn Member
398,87,Over Lord
1905,87,Founder
738,87,Sworn Member
746,87,Sworn Member
812,87,Sworn Member
946,87,Sworn Member
949,87,Sworn Member
1080,87,Sworn Member
318,88,Over Lord
16,89,Over Lord
34,90,Over Lord
215,91,Current Lord
195,91,Over Lord
215,91,Sworn Member
376,91,Sworn Member
309,92,Current Lord
1163,92,Heir
285,92,Over Lord
309,92,Sworn Member
1163,92,Sworn Member
378,95,Over Lord
301,95,Sworn Member
924,95,Sworn Member
967,95,Sworn Member
987,95,Sworn Member
712,97,Current Lord
10,97,Over Lord
550,97,Sworn Member
592,97,Sworn Member
672,97,Sworn Member
712,97,Sworn Member
852,97,Sworn Member
1114,97,Sworn Member
1421,98,Current Lord
99,98,Over Lord
1421,98,Sworn Member
348,99,Current Lord
285,99,Over Lord
80,99,Sworn Member
142,99,Sworn Member
151,99,Sworn Member
334,99,Sworn Member
348,99,Sworn Member
1060,99,Sworn Member
2121,99,Sworn Member
10,100,Over Lord
1318,100,Sworn Member
229,101,Over Lord
190,102,Current Lord
17,102,Over Lord
190,102,Sworn Member
546,102,Sworn Member
702,102,Sworn Member
7,103,Over Lord
444,104,Over Lord
1424,104,Sworn Member
229,105,Over Lord
331,106,Current Lord
169,106,Over Lord
281,106,Sworn Member
302,106,Sworn Member
319,106,Sworn Member
331,106,Sworn Member
432,106,Sworn Member
493,106,Sworn Member
935,106,Sworn Member
1164,106,Sworn Member
398,108,Over Lord
333,109,Founder
128,109,Sworn Member
1361,109,Sworn Member
398,110,Over Lord
166,111,Current Lord
34,111,Over Lord
166,111,Sworn Member
483,111,Sworn Member
1110,111,Sworn Member
16,112,Over Lord
7,113,Over Lord
1068,113,Sworn Member
7,114,Over Lord
143,115,Over Lord
600,115,Sworn Member
962,116,Current Lord
17,116,Over Lord
962,116,Sworn Member
977,116,Sworn Member
357,117,Current Lord
52,117,Heir
16,117,Over Lord
52,117,Sworn Member
85,117,Sworn Member
118,117,Sworn Member
230,117,Sworn Member
357,117,Sworn Member
639,117,Sworn Member
999,117,Sworn Member
860,118,Current Lord
229,118,Over Lord
860,118,Sworn Member
229,119,Over Lord
963,120,Current Lord
229,120,Over Lord
101,120,Sworn Member
551,120,Sworn Member
963,120,Sworn Member
15,121,Over Lord
123,121,Sworn Member
222,121,Sworn Member
424,121,Sworn Member
430,121,Sworn Member
2033,122,Current Lord
169,122,Over Lord
2033,122,Sworn Member
453,123,Current Lord
455,123,Heir
169,123,Over Lord
453,123,Sworn Member
455,123,Sworn Member
1128,123,Sworn Member
1130,123,Sworn Member
17,124,Over Lord
482,124,Sworn Member
1119,124,Sworn Member
318,125,Over Lord
229,126,Over Lord
362,128,Over Lord
2023,129,Current Lord
362,129,Over Lord
1175,129,Sworn Member
2023,129,Sworn Member
362,130,Over Lord
1882,131,Current Lord
34,131,Over Lord
1882,131,Sworn Member
669,132,Current Lord
34,132,Over Lord
669,132,Sworn Member
1882,132,Sworn Member
68,133,Current Lord
742,133,Heir
15,133,Over Lord
1388,133,Founder
68,133,Sworn Member
72,133,Sworn Member
153,133,Sworn Member
250,133,Sworn Member
296,133,Sworn Member
383,133,Sworn Member
522,133,Sworn Member
738,133,Sworn Member
742,133,Sworn Member
750,133,Sworn Member
877,133,Sworn Member
944,133,Sworn Member
949,133,Sworn Member
1935,133,Sworn Member
16,134,Over Lord
229,135,Over Lord
825,135,Sworn Member
825,136,Current Lord
16,136,Over Lord
825,136,Founder
825,136,Sworn Member
398,137,Over Lord
150,138,Over Lord
398,139,Over Lord
395,139,Founder
218,139,Sworn Member
350,139,Sworn Member
395,139,Sworn Member
988,139,Sworn Member
1011,139,Sworn Member
577,140,Current Lord
398,140,Over Lord
853,140,Founder
532,140,Sworn Member
552,140,Sworn Member
577,140,Sworn Member
853,140,Sworn Member
396,141,Current Lord
285,141,Over Lord
396,141,Sworn Member
377,142,Current Lord
1058,142,Heir
10,142,Over Lord
377,142,Founder
377,142,Sworn Member
415,142,Sworn Member
682,142,Sworn Member
1058,142,Sworn Member
1092,142,Sworn Member
1115,142,Sworn Member
1093,143,Current Lord
352,143,Heir
10,143,Over Lord
30,143,Sworn Member
36,143,Sworn Member
37,143,Sworn Member
53,143,Sworn Member
56,143,Sworn Member
70,143,Sworn Member
86,143,Sworn Member
95,143,Sworn Member
108,143,Sworn Member
111,143,Sworn Member
112,143,Sworn Member
114,143,Sworn Member
122,143,Sworn Member
123,143,Sworn Member
145,143,Sworn Member
146,143,Sworn Member
173,143,Sworn Member
180,143,Sworn Member
187,143,Sworn Member
199,143,Sworn Member
204,143,Sworn Member
219,143,Sworn Member
237,143,Sworn Member
251,143,Sworn Member
252,143,Sworn Member
262,143,Sworn Member
263,143,Sworn Member
291,143,Sworn Member
295,143,Sworn Member
297,143,Sworn Member
311,143,Sworn Member
352,143,Sworn Member
368,143,Sworn Member
375,143,Sworn Member
417,143,Sworn Member
486,143,Sworn Member
501,143,Sworn Member
502,143,Sworn Member
528,143,Sworn Member
530,143,Sworn Member
534,143,Sworn Member
535,143,Sworn Member
549,143,Sworn Member
590,143,Sworn Member
600,143,Sworn Member
602,143,Sworn Member
609,143,Sworn Member
619,143,Sworn Member
628,143,Sworn Member
649,143,Sworn Member
690,143,Sworn Member
693,143,Sworn Member
700,143,Sworn Member
711,143,Sworn Member
712,143,Sworn Member
723,143,Sworn Member
730,143,Sworn Member
747,143,Sworn Member
751,143,Sworn Member
765,143,Sworn Member
769,143,Sworn Member
786,143,Sworn Member
800,143,Sworn Member
817,143,Sworn Member
818,143,Sworn Member
820,143,Sworn Member
824,143,Sworn Member
854,143,Sworn Member
866,143,Sworn Member
899,143,Sworn Member
900,143,Sworn Member
937,143,Sworn Member
947,143,Sworn Member
948,143,Sworn Member
950,143,Sworn Member
952,143,Sworn Member
956,143,Sworn Member
959,143,Sworn Member
960,143,Sworn Member
968,143,Sworn Member
976,143,Sworn Member
989,143,Sworn Member
994,143,Sworn Member
1000,143,Sworn Member
1004,143,Sworn Member
1025,143,Sworn Member
1045,143,Sworn Member
1053,143,Sworn Member
1054,143,Sworn Member
1056,143,Sworn Member
1058,143,Sworn Member
1059,143,Sworn Member
1081,143,Sworn Member
1082,143,Sworn Member
1083,143,Sworn Member
1084,143,Sworn Member
1085,143,Sworn Member
1086,143,Sworn Member
1087,143,Sworn Member
1089,143,Sworn Member
1090,143,Sworn Member
1091,143,Sworn Member
1093,143,Sworn Member
1096,143,Sworn Member
1100,143,Sworn Member
1102,143,Sworn Member
1105,143,Sworn Member
1107,143,Sworn Member
1115,143,Sworn Member
1134,143,Sworn Member
1136,143,Sworn Member
1217,143,Sworn Member
1234,143,Sworn Member
1275,143,Sworn Member
1392,143,Sworn Member
1544,143,Sworn Member
1674,143,Sworn Member
1696,143,Sworn Member
1799,143,Sworn Member
1900,143,Sworn Member
1916,143,Sworn Member
1997,143,Sworn Member
2054,143,Sworn Member
410,145,Founder
75,145,Sworn Member
1036,146,Current Lord
285,146,Over Lord
1036,146,Sworn Member
229,147,Over Lord
16,148,Over Lord
448,148,Sworn Member
397,150,Current Lord
903,150,Heir
362,150,Over Lord
381,150,Sworn Member
384,150,Sworn Member
397,150,Sworn Member
411,150,Sworn Member
903,150,Sworn Member
998,150,Sworn Member
673,151,Current Lord
10,151,Over Lord
404,151,Sworn Member
553,151,Sworn Member
673,151,Sworn Member
1094,151,Sworn Member
155,152,Over Lord
155,153,Over Lord
155,154,Over Lord
434,155,Current Lord
440,155,Heir
169,155,Over Lord
433,155,Sworn Member
434,155,Sworn Member
436,155,Sworn Member
440,155,Sworn Member
450,155,Sworn Member
459,155,Sworn Member
169,156,Over Lord
1762,157,Current Lord
169,157,Over Lord
1762,157,Sworn Member
17,158,Over Lord
416,158,Sworn Member
81,159,Current Lord
398,159,Over Lord
81,159,Sworn Member
420,160,Current Lord
7,160,Over Lord
420,160,Sworn Member
456,160,Sworn Member
1673,160,Sworn Member
510,161,Current Lord
17,161,Over Lord
465,161,Sworn Member
510,161,Sworn Member
517,161,Sworn Member
398,162,Over Lord
405,163,Current Lord
229,163,Over Lord
405,163,Sworn Member
828,163,Sworn Member
318,164,Over Lord
395,166,Over Lord
306,166,Sworn Member
385,169,Current Lord
1022,169,Heir
16,169,Over Lord
60,169,Sworn Member
66,169,Sworn Member
150,169,Sworn Member
278,169,Sworn Member
316,169,Sworn Member
469,169,Sworn Member
718,169,Sworn Member
836,169,Sworn Member
839,169,Sworn Member
904,169,Sworn Member
913,169,Sworn Member
1022,169,Sworn Member
1062,169,Sworn Member
1072,169,Sworn Member
1074,169,Sworn Member
1141,169,Sworn Member
1226,169,Sworn Member
1250,169,Sworn Member
1292,169,Sworn Member
1306,169,Sworn Member
1345,169,Sworn Member
1372,169,Sworn Member
1416,169,Sworn Member
1461,169,Sworn Member
1495,169,Sworn Member
1595,169,Sworn Member
1765,169,Sworn Member
1829,169,Sworn Member
1853,169,Sworn Member
1893,169,Sworn Member
1919,169,Sworn Member
1947,169,Sworn Member
1960,169,Sworn Member
1971,169,Sworn Member
1974,169,Sworn Member
2042,169,Sworn Member
2046,169,Sworn Member
2049,169,Sworn Member
2061,169,Sworn Member
2093,169,Sworn Member
2096,169,Sworn Member
2117,169,Sworn Member
362,170,Over Lord
445,171,Current Lord
398,171,Over Lord
445,171,Sworn Member
143,172,Over Lord
87,172,Sworn Member
320,172,Sworn Member
486,172,Sworn Member
629,172,Sworn Member
819,172,Sworn Member
1095,172,Sworn Member
229,173,Over Lord
34,174,Over Lord
930,174,Sworn Member
16,175,Over Lord
1642,175,Sworn Member
417,176,Over Lord
295,176,Sworn Member
477,176,Sworn Member
514,176,Sworn Member
473,177,Current Lord
178,177,Over Lord
473,177,Sworn Member
914,178,Current Lord
473,178,Heir
169,178,Over Lord
66,178,Sworn Member
335,178,Sworn Member
423,178,Sworn Member
451,178,Sworn Member
914,178,Sworn Member
1021,178,Sworn Member
2004,178,Sworn Member
979,179,Current Lord
178,179,Over Lord
979,179,Sworn Member
201,180,Current Lord
178,180,Over Lord
201,180,Sworn Member
505,181,Current Lord
178,181,Over Lord
505,181,Sworn Member
395,182,Over Lord
395,183,Over Lord
16,184,Over Lord
398,185,Over Lord
759,185,Sworn Member
17,186,Over Lord
200,186,Sworn Member
10,187,Over Lord
173,187,Sworn Member
229,188,Over Lord
382,189,Current Lord
16,189,Over Lord
382,189,Sworn Member
10,190,Over Lord
1554,190,Sworn Member
2021,190,Sworn Member
17,191,Over Lord
7,192,Over Lord
1047,193,Current Lord
229,193,Over Lord
739,193,Sworn Member
1047,193,Sworn Member
515,194,Current Lord
398,194,Over Lord
515,194,Sworn Member
1382,194,Sworn Member
1428,194,Sworn Member
635,195,Current Lord
159,195,Heir
398,195,Over Lord
2062,195,Founder
29,195,Sworn Member
69,195,Sworn Member
76,195,Sworn Member
102,195,Sworn Member
159,195,Sworn Member
239,195,Sworn Member
305,195,Sworn Member
407,195,Sworn Member
421,195,Sworn Member
444,195,Sworn Member
449,195,Sworn Member
634,195,Sworn Member
635,195,Sworn Member
678,195,Sworn Member
808,195,Sworn Member
840,195,Sworn Member
871,195,Sworn Member
877,195,Sworn Member
940,195,Sworn Member
494,196,Sworn Member
1887,197,Current Lord
189,197,Over Lord
1887,197,Sworn Member
95,198,Over Lord
325,198,Sworn Member
578,198,Sworn Member
906,198,Sworn Member
990,198,Sworn Member
1001,198,Sworn Member
34,200,Over Lord
362,202,Over Lord
189,202,Sworn Member
293,202,Sworn Member
317,202,Sworn Member
463,202,Sworn Member
617,202,Sworn Member
17,203,Over Lord
881,203,Sworn Member
169,205,Over Lord
1841,205,Sworn Member
2106,205,Sworn Member
379,206,Over Lord
88,206,Sworn Member
518,206,Sworn Member
426,207,Current Lord
387,207,Heir
7,207,Over Lord
380,207,Sworn Member
387,207,Sworn Member
426,207,Sworn Member
466,207,Sworn Member
534,207,Sworn Member
398,208,Over Lord
398,209,Over Lord
655,209,Sworn Member
810,209,Sworn Member
1372,210,Current Lord
169,210,Over Lord
150,210,Sworn Member
1307,210,Sworn Member
1372,210,Sworn Member
2001,210,Sworn Member
2055,210,Sworn Member
34,211,Over Lord
124,212,Current Lord
229,212,Over Lord
124,212,Sworn Member
616,212,Sworn Member
1035,213,Current Lord
776,213,Heir
285,213,Over Lord
776,213,Sworn Member
1035,213,Sworn Member
178,214,Founder
476,215,Current Lord
96,215,Heir
34,215,Over Lord
603,215,Founder
96,215,Sworn Member
97,215,Sworn Member
98,215,Sworn Member
134,215,Sworn Member
140,215,Sworn Member
258,215,Sworn Member
338,215,Sworn Member
476,215,Sworn Member
603,215,Sworn Member
884,215,Sworn Member
1033,215,Sworn Member
17,217,Over Lord
178,218,Over Lord
492,218,Sworn Member
830,218,Sworn Member
846,218,Sworn Member
1013,219,Current Lord
229,219,Over Lord
492,219,Founder
492,219,Sworn Member
1013,219,Sworn Member
1584,219,Sworn Member
16,220,Over Lord
799,220,Sworn Member
801,220,Sworn Member
802,220,Sworn Member
804,220,Sworn Member
398,221,Over Lord
34,222,Over Lord
229,223,Over Lord
1989,223,Sworn Member
285,224,Over Lord
34,226,Over Lord
16,227,Over Lord
238,229,Current Lord
16,229,Over Lord
615,229,Founder
27,229,Sworn Member
101,229,Sworn Member
115,229,Sworn Member
177,229,Sworn Member
235,229,Sworn Member
236,229,Sworn Member
238,229,Sworn Member
282,229,Sworn Member
283,229,Sworn Member
284,229,Sworn Member
292,229,Sworn Member
294,229,Sworn Member
363,229,Sworn Member
367,229,Sworn Member
377,229,Sworn Member
382,229,Sworn Member
415,229,Sworn Member
418,229,Sworn Member
422,229,Sworn Member
529,229,Sworn Member
531,229,Sworn Member
538,229,Sworn Member
556,229,Sworn Member
562,229,Sworn Member
568,229,Sworn Member
605,229,Sworn Member
613,229,Sworn Member
615,229,Sworn Member
616,229,Sworn Member
662,229,Sworn Member
708,229,Sworn Member
725,229,Sworn Member
773,229,Sworn Member
778,229,Sworn Member
955,229,Sworn Member
973,229,Sworn Member
984,229,Sworn Member
1025,229,Sworn Member
1026,229,Sworn Member
1044,229,Sworn Member
1048,229,Sworn Member
1049,229,Sworn Member
1050,229,Sworn Member
1051,229,Sworn Member
1052,229,Sworn Member
1057,229,Sworn Member
1116,229,Sworn Member
1207,229,Sworn Member
1233,229,Sworn Member
1251,229,Sworn Member
1272,229,Sworn Member
1275,229,Sworn Member
1309,229,Sworn Member
1338,229,Sworn Member
1349,229,Sworn Member
1430,229,Sworn Member
1442,229,Sworn Member
1483,229,Sworn Member
1504,229,Sworn Member
1550,229,Sworn Member
1570,229,Sworn Member
1573,229,Sworn Member
1619,229,Sworn Member
1647,229,Sworn Member
1652,229,Sworn Member
1665,229,Sworn Member
1724,229,Sworn Member
1822,229,Sworn Member
1826,229,Sworn Member
1848,229,Sworn Member
1891,229,Sworn Member
1892,229,Sworn Member
1936,229,Sworn Member
1945,229,Sworn Member
1989,229,Sworn Member
2029,229,Sworn Member
2072,229,Sworn Member
2085,229,Sworn Member
2091,229,Sworn Member
613,230,Current Lord
10,230,Over Lord
613,230,Founder
114,230,Sworn Member
613,230,Sworn Member
229,231,Over Lord
936,231,Sworn Member
103,234,Current Lord
229,234,Over Lord
103,234,Sworn Member
622,234,Sworn Member
628,234,Sworn Member
773,234,Sworn Member
1633,234,Sworn Member
398,235,Over Lord
981,235,Sworn Member
1031,236,Current Lord
362,236,Over Lord
1031,236,Sworn Member
34,237,Over Lord
7,238,Over Lord
788,239,Current Lord
34,239,Over Lord
321,239,Sworn Member
716,239,Sworn Member
788,239,Sworn Member
998,239,Sworn Member
34,241,Over Lord
1895,242,Current Lord
370,242,Over Lord
1895,242,Sworn Member
16,243,Over Lord
1870,243,Sworn Member
17,244,Over Lord
567,244,Sworn Member
882,244,Sworn Member
645,245,Current Lord
229,245,Over Lord
115,245,Sworn Member
645,245,Sworn Member
395,246,Over Lord
656,246,Founder
289,246,Sworn Member
391,246,Sworn Member
554,246,Sworn Member
656,246,Sworn Member
703,246,Sworn Member
706,246,Sworn Member
398,247,Over Lord
398,248,Over Lord
674,249,Current Lord
10,249,Over Lord
674,249,Sworn Member
632,250,Current Lord
229,250,Over Lord
555,250,Sworn Member
632,250,Sworn Member
579,251,Current Lord
1012,251,Heir
7,251,Over Lord
579,251,Sworn Member
1012,251,Sworn Member
34,252,Over Lord
16,253,Over Lord
650,253,Sworn Member
539,254,Current Lord
814,254,Heir
10,254,Over Lord
303,254,Sworn Member
539,254,Sworn Member
544,254,Sworn Member
596,254,Sworn Member
675,254,Sworn Member
814,254,Sworn Member
1124,255,Current Lord
1122,255,Heir
34,255,Over Lord
317,255,Sworn Member
627,255,Sworn Member
715,255,Sworn Member
777,255,Sworn Member
1106,255,Sworn Member
1122,255,Sworn Member
1123,255,Sworn Member
1124,255,Sworn Member
1126,255,Sworn Member
1999,255,Sworn Member
16,256,Over Lord
279,257,Current Lord
762,257,Heir
285,257,Over Lord
279,257,Sworn Member
312,257,Sworn Member
762,257,Sworn Member
770,257,Sworn Member
1358,257,Sworn Member
285,258,Current Lord
31,258,Heir
229,258,Over Lord
31,258,Sworn Member
285,258,Sworn Member
292,258,Sworn Member
556,258,Sworn Member
646,258,Sworn Member
34,259,Over Lord
16,260,Over Lord
698,260,Founder
601,260,Sworn Member
698,260,Sworn Member
369,261,Current Lord
17,261,Over Lord
369,261,Sworn Member
689,261,Sworn Member
7,262,Over Lord
169,263,Over Lord
740,263,Sworn Member
796,264,Current Lord
943,264,Heir
398,264,Over Lord
796,264,Sworn Member
943,264,Sworn Member
1006,264,Sworn Member
728,265,Current Lord
17,265,Over Lord
728,265,Sworn Member
753,265,Sworn Member
398,266,Over Lord
362,267,Over Lord
461,267,Sworn Member
7,268,Over Lord
701,268,Sworn Member
1118,269,Current Lord
10,269,Over Lord
359,269,Sworn Member
771,269,Sworn Member
1118,269,Sworn Member
907,270,Current Lord
229,270,Over Lord
813,270,Founder
813,270,Sworn Member
907,270,Sworn Member
692,271,Current Lord
99,271,Heir
362,271,Over Lord
99,271,Sworn Member
264,271,Sworn Member
547,271,Sworn Member
594,271,Sworn Member
667,271,Sworn Member
687,271,Sworn Member
692,271,Sworn Member
1560,271,Sworn Member
630,272,Current Lord
883,272,Heir
17,272,Over Lord
437,272,Sworn Member
446,272,Sworn Member
630,272,Sworn Member
883,272,Sworn Member
34,273,Over Lord
1037,274,Sworn Member
726,275,Current Lord
195,275,Over Lord
713,275,Sworn Member
726,275,Sworn Member
17,276,Over Lord
525,276,Sworn Member
229,277,Over Lord
178,278,Over Lord
580,278,Sworn Member
143,279,Over Lord
1641,279,Sworn Member
1865,279,Sworn Member
169,280,Over Lord
398,281,Over Lord
73,281,Sworn Member
172,281,Sworn Member
296,281,Sworn Member
500,281,Sworn Member
545,281,Sworn Member
863,281,Sworn Member
205,282,Current Lord
362,282,Over Lord
136,282,Sworn Member
205,282,Sworn Member
811,282,Sworn Member
398,283,Over Lord
372,283,Sworn Member
326,285,Current Lord
130,285,Heir
16,285,Over Lord
1718,285,Founder
130,285,Sworn Member
271,285,Sworn Member
326,285,Sworn Member
361,285,Sworn Member
364,285,Sworn Member
631,285,Sworn Member
705,285,Sworn Member
709,285,Sworn Member
719,285,Sworn Member
763,285,Sworn Member
782,285,Sworn Member
844,285,Sworn Member
1043,285,Sworn Member
1166,285,Sworn Member
1197,285,Sworn Member
1230,285,Sworn Member
1253,285,Sworn Member
1261,285,Sworn Member
1339,285,Sworn Member
1362,285,Sworn Member
1414,285,Sworn Member
1632,285,Sworn Member
1697,285,Sworn Member
1698,285,Sworn Member
1718,285,Sworn Member
1723,285,Sworn Member
1725,285,Sworn Member
1743,285,Sworn Member
1766,285,Sworn Member
1768,285,Sworn Member
1769,285,Sworn Member
1770,285,Sworn Member
1876,285,Sworn Member
1930,285,Sworn Member
2011,285,Sworn Member
2041,285,Sworn Member
147,286,Current Lord
398,286,Over Lord
570,286,Founder
74,286,Sworn Member
147,286,Sworn Member
149,286,Sworn Member
343,286,Sworn Member
570,286,Sworn Member
787,286,Sworn Member
398,287,Over Lord
169,288,Over Lord
398,289,Over Lord
291,290,Over Lord
326,291,Over Lord
32,291,Sworn Member
104,291,Sworn Member
186,291,Sworn Member
353,291,Sworn Member
388,291,Sworn Member
478,291,Sworn Member
791,291,Sworn Member
821,291,Sworn Member
1108,291,Sworn Member
1308,291,Sworn Member
1542,291,Sworn Member
1614,291,Sworn Member
1731,291,Sworn Member
1803,291,Sworn Member
1879,291,Sworn Member
1891,291,Sworn Member
1928,291,Sworn Member
2079,291,Sworn Member
2083,291,Sworn Member
2084,291,Sworn Member
2103,291,Sworn Member
2105,291,Sworn Member
34,292,Over Lord
462,293,Current Lord
10,293,Over Lord
286,293,Sworn Member
402,293,Sworn Member
462,293,Sworn Member
464,293,Sworn Member
902,293,Sworn Member
952,293,Sworn Member
1000,293,Sworn Member
229,294,Over Lord
229,295,Over Lord
233,295,Sworn Member
521,295,Sworn Member
827,295,Sworn Member
1027,296,Current Lord
398,296,Over Lord
431,296,Sworn Member
708,296,Sworn Member
1027,296,Sworn Member
908,297,Current Lord
15,297,Over Lord
908,297,Sworn Member
318,298,Over Lord
229,299,Over Lord
597,299,Sworn Member
17,300,Over Lord
48,300,Sworn Member
254,300,Sworn Member
581,300,Sworn Member
1358,300,Sworn Member
245,302,Current Lord
721,302,Heir
10,302,Over Lord
245,302,Sworn Member
633,302,Sworn Member
721,302,Sworn Member
826,303,Current Lord
299,303,Heir
229,303,Over Lord
299,303,Sworn Member
485,303,Sworn Member
732,303,Sworn Member
803,303,Sworn Member
822,303,Sworn Member
826,303,Sworn Member
1078,303,Sworn Member
1358,303,Sworn Member
398,304,Over Lord
34,305,Over Lord
557,305,Sworn Member
1069,305,Sworn Member
403,306,Current Lord
229,306,Over Lord
394,306,Sworn Member
403,306,Sworn Member
7,307,Over Lord
16,308,Over Lord
16,309,Over Lord
395,310,Over Lord
841,310,Founder
841,310,Sworn Member
845,311,Current Lord
441,311,Heir
285,311,Over Lord
138,311,Sworn Member
441,311,Sworn Member
834,311,Sworn Member
845,311,Sworn Member
318,312,Over Lord
372,313,Over Lord
507,313,Sworn Member
1423,314,Current Lord
15,314,Over Lord
1423,314,Sworn Member
398,315,Over Lord
499,316,Current Lord
7,316,Over Lord
261,316,Sworn Member
499,316,Sworn Member
541,316,Sworn Member
582,316,Sworn Member
768,316,Sworn Member
1133,316,Sworn Member
1299,316,Sworn Member
815,317,Current Lord
498,317,Heir
398,317,Over Lord
425,317,Founder
198,317,Sworn Member
304,317,Sworn Member
307,317,Sworn Member
425,317,Sworn Member
496,317,Sworn Member
498,317,Sworn Member
754,317,Sworn Member
784,317,Sworn Member
815,317,Sworn Member
945,317,Sworn Member
1184,317,Sworn Member
506,318,Current Lord
571,318,Heir
362,318,Over Lord
506,318,Sworn Member
571,318,Sworn Member
735,318,Sworn Member
1572,318,Sworn Member
229,319,Over Lord
367,319,Sworn Member
893,319,Sworn Member
398,320,Over Lord
910,320,Sworn Member
398,321,Over Lord
342,321,Sworn Member
17,322,Over Lord
16,323,Over Lord
10,324,Over Lord
657,324,Sworn Member
458,325,Current Lord
16,325,Over Lord
199,325,Sworn Member
458,325,Sworn Member
731,326,Current Lord
398,326,Over Lord
1908,326,Founder
198,326,Sworn Member
731,326,Sworn Member
880,326,Sworn Member
398,327,Over Lord
1131,328,Current Lord
116,328,Heir
7,328,Over Lord
116,328,Sworn Member
558,328,Sworn Member
608,328,Sworn Member
648,328,Sworn Member
818,328,Sworn Member
878,328,Sworn Member
892,328,Sworn Member
948,328,Sworn Member
1104,328,Sworn Member
1131,328,Sworn Member
1133,328,Sworn Member
1929,328,Sworn Member
1755,329,Current Lord
67,329,Heir
7,329,Over Lord
67,329,Sworn Member
774,329,Sworn Member
1256,329,Sworn Member
1741,329,Sworn Member
1755,329,Sworn Member
1788,329,Sworn Member
1864,329,Sworn Member
7,330,Over Lord
857,331,Current Lord
229,331,Over Lord
857,331,Sworn Member
362,332,Over Lord
10,333,Over Lord
909,333,Sworn Member
1038,333,Sworn Member
861,334,Current Lord
16,334,Over Lord
861,334,Sworn Member
1910,334,Sworn Member
915,335,Current Lord
34,335,Over Lord
166,335,Sworn Member
196,335,Sworn Member
714,335,Sworn Member
885,335,Sworn Member
911,335,Sworn Member
915,335,Sworn Member
934,335,Sworn Member
1888,335,Sworn Member
323,336,Current Lord
169,336,Over Lord
323,336,Sworn Member
1002,337,Current Lord
999,337,Heir
285,337,Over Lord
135,337,Sworn Member
999,337,Sworn Member
1002,337,Sworn Member
229,338,Over Lord
745,338,Sworn Member
229,339,Over Lord
1319,340,Current Lord
308,340,Heir
15,340,Over Lord
1319,340,Founder
308,340,Sworn Member
710,340,Sworn Member
1155,340,Sworn Member
1310,340,Sworn Member
1319,340,Sworn Member
1676,340,Sworn Member
1683,340,Sworn Member
1964,340,Sworn Member
1967,340,Sworn Member
139,341,Current Lord
17,341,Over Lord
139,341,Sworn Member
168,341,Sworn Member
683,341,Sworn Member
229,342,Over Lord
798,343,Current Lord
1007,343,Heir
398,343,Over Lord
636,343,Sworn Member
798,343,Sworn Member
1007,343,Sworn Member
169,344,Over Lord
1156,344,Sworn Member
1480,344,Sworn Member
1484,344,Sworn Member
395,345,Over Lord
169,348,Over Lord
1300,348,Sworn Member
1834,348,Sworn Member
398,349,Over Lord
287,350,Current Lord
328,350,Over Lord
287,350,Sworn Member
160,351,Over Lord
34,352,Over Lord
1498,352,Sworn Member
398,353,Over Lord
761,354,Current Lord
599,354,Heir
16,354,Over Lord
533,354,Founder
290,354,Sworn Member
533,354,Sworn Member
599,354,Sworn Member
761,354,Sworn Member
1020,355,Current Lord
405,355,Over Lord
227,355,Sworn Member
772,355,Sworn Member
851,355,Sworn Member
1020,355,Sworn Member
1015,356,Current Lord
169,356,Over Lord
985,356,Sworn Member
1015,356,Sworn Member
927,357,Current Lord
997,357,Heir
229,357,Over Lord
927,357,Sworn Member
953,357,Sworn Member
997,357,Sworn Member
398,358,Over Lord
965,359,Current Lord
991,359,Heir
229,359,Over Lord
89,359,Sworn Member
965,359,Sworn Member
991,359,Sworn Member
71,360,Current Lord
17,360,Over Lord
71,360,Sworn Member
34,361,Over Lord
16,362,Over Lord
209,362,Founder
2,362,Sworn Member
20,362,Sworn Member
97,362,Sworn Member
98,362,Sworn Member
136,362,Sworn Member
143,362,Sworn Member
148,362,Sworn Member
170,362,Sworn Member
181,362,Sworn Member
192,362,Sworn Member
206,362,Sworn Member
207,362,Sworn Member
208,362,Sworn Member
209,362,Sworn Member
210,362,Sworn Member
212,362,Sworn Member
216,362,Sworn Member
232,362,Sworn Member
259,362,Sworn Member
324,362,Sworn Member
339,362,Sworn Member
340,362,Sworn Member
349,362,Sworn Member
351,362,Sworn Member
354,362,Sworn Member
389,362,Sworn Member
461,362,Sworn Member
561,362,Sworn Member
583,362,Sworn Member
584,362,Sworn Member
589,362,Sworn Member
591,362,Sworn Member
593,362,Sworn Member
603,362,Sworn Member
648,362,Sworn Member
668,362,Sworn Member
716,362,Sworn Member
737,362,Sworn Member
777,362,Sworn Member
887,362,Sworn Member
891,362,Sworn Member
911,362,Sworn Member
912,362,Sworn Member
916,362,Sworn Member
917,362,Sworn Member
918,362,Sworn Member
957,362,Sworn Member
1101,362,Sworn Member
1111,362,Sworn Member
1148,362,Sworn Member
1158,362,Sworn Member
1175,362,Sworn Member
1185,362,Sworn Member
1190,362,Sworn Member
1254,362,Sworn Member
1260,362,Sworn Member
1326,362,Sworn Member
1336,362,Sworn Member
1383,362,Sworn Member
1396,362,Sworn Member
1407,362,Sworn Member
1488,362,Sworn Member
1489,362,Sworn Member
1499,362,Sworn Member
1515,362,Sworn Member
1526,362,Sworn Member
1565,362,Sworn Member
1602,362,Sworn Member
1620,362,Sworn Member
1649,362,Sworn Member
1650,362,Sworn Member
1706,362,Sworn Member
1737,362,Sworn Member
1749,362,Sworn Member
1787,362,Sworn Member
1796,362,Sworn Member
1816,362,Sworn Member
1819,362,Sworn Member
1843,362,Sworn Member
1946,362,Sworn Member
1950,362,Sworn Member
1979,362,Sworn Member
2019,362,Sworn Member
2020,362,Sworn Member
2037,362,Sworn Member
2068,362,Sworn Member
2089,362,Sworn Member
2119,362,Sworn Member
15,363,Over Lord
643,363,Sworn Member
964,363,Sworn Member
982,363,Sworn Member
638,364,Current Lord
2043,364,Heir
16,364,Over Lord
217,364,Sworn Member
391,364,Sworn Member
392,364,Sworn Member
638,364,Sworn Member
1010,364,Sworn Member
2043,364,Sworn Member
1016,365,Current Lord
169,365,Over Lord
847,365,Sworn Member
1016,365,Sworn Member
178,366,Over Lord
978,366,Sworn Member
483,367,Current Lord
111,367,Over Lord
483,367,Sworn Member
931,367,Sworn Member
1127,367,Sworn Member
480,368,Current Lord
480,368,Sworn Member
395,369,Over Lord
481,369,Sworn Member
618,369,Sworn Member
652,369,Sworn Member
684,369,Sworn Member
1042,370,Current Lord
7,370,Over Lord
1042,370,Sworn Member
169,371,Over Lord
15,372,Over Lord
443,372,Sworn Member
2032,372,Sworn Member
442,373,Current Lord
322,373,Heir
17,373,Over Lord
164,373,Sworn Member
252,373,Sworn Member
263,373,Sworn Member
322,373,Sworn Member
412,373,Sworn Member
442,373,Sworn Member
559,373,Sworn Member
569,373,Sworn Member
704,373,Sworn Member
851,373,Sworn Member
487,374,Current Lord
992,374,Heir
229,374,Over Lord
34,374,Sworn Member
327,374,Sworn Member
487,374,Sworn Member
516,374,Sworn Member
563,374,Sworn Member
564,374,Sworn Member
974,374,Sworn Member
992,374,Sworn Member
2111,374,Sworn Member
17,375,Over Lord
337,376,Current Lord
214,376,Heir
34,376,Over Lord
179,376,Sworn Member
188,376,Sworn Member
189,376,Sworn Member
214,376,Sworn Member
337,376,Sworn Member
490,376,Sworn Member
625,376,Sworn Member
229,377,Over Lord
90,377,Sworn Member
367,377,Sworn Member
560,377,Sworn Member
1303,378,Current Lord
33,378,Sworn Member
42,378,Sworn Member
43,378,Sworn Member
44,378,Sworn Member
45,378,Sworn Member
48,378,Sworn Member
49,378,Sworn Member
55,378,Sworn Member
58,378,Sworn Member
59,378,Sworn Member
76,378,Sworn Member
91,378,Sworn Member
93,378,Sworn Member
109,378,Sworn Member
110,378,Sworn Member
154,378,Sworn Member
155,378,Sworn Member
156,378,Sworn Member
157,378,Sworn Member
161,378,Sworn Member
168,378,Sworn Member
169,378,Sworn Member
195,378,Sworn Member
239,378,Sworn Member
265,378,Sworn Member
266,378,Sworn Member
269,378,Sworn Member
270,378,Sworn Member
271,378,Sworn Member
272,378,Sworn Member
275,378,Sworn Member
276,378,Sworn Member
330,378,Sworn Member
334,378,Sworn Member
361,378,Sworn Member
488,378,Sworn Member
546,378,Sworn Member
560,378,Sworn Member
576,378,Sworn Member
610,378,Sworn Member
611,378,Sworn Member
696,378,Sworn Member
709,378,Sworn Member
729,378,Sworn Member
759,378,Sworn Member
767,378,Sworn Member
779,378,Sworn Member
797,378,Sworn Member
865,378,Sworn Member
867,378,Sworn Member
868,378,Sworn Member
869,378,Sworn Member
870,378,Sworn Member
871,378,Sworn Member
872,378,Sworn Member
873,378,Sworn Member
874,378,Sworn Member
875,378,Sworn Member
876,378,Sworn Member
951,378,Sworn Member
971,378,Sworn Member
1067,378,Sworn Member
1070,378,Sworn Member
1079,378,Sworn Member
1114,378,Sworn Member
1142,378,Sworn Member
1205,378,Sworn Member
1242,378,Sworn Member
1302,378,Sworn Member
1303,378,Sworn Member
1340,378,Sworn Member
1358,378,Sworn Member
1445,378,Sworn Member
1450,378,Sworn Member
1469,378,Sworn Member
1520,378,Sworn Member
1523,378,Sworn Member
1527,378,Sworn Member
1528,378,Sworn Member
1548,378,Sworn Member
1549,378,Sworn Member
1560,378,Sworn Member
1589,378,Sworn Member
1608,378,Sworn Member
1709,378,Sworn Member
1739,378,Sworn Member
1826,378,Sworn Member
1856,378,Sworn Member
1867,378,Sworn Member
1872,378,Sworn Member
1873,378,Sworn Member
1874,378,Sworn Member
1897,378,Sworn Member
1944,378,Sworn Member
1948,378,Sworn Member
1978,378,Sworn Member
1981,378,Sworn Member
2071,378,Sworn Member
2086,378,Sworn Member
2124,378,Sworn Member
2128,378,Sworn Member
850,379,Current Lord
313,379,Heir
398,379,Over Lord
313,379,Sworn Member
359,379,Sworn Member
742,379,Sworn Member
850,379,Sworn Member
954,379,Sworn Member
1008,379,Sworn Member
966,380,Current Lord
216,380,Heir
17,380,Over Lord
106,380,Sworn Member
131,380,Sworn Member
216,380,Sworn Member
379,380,Sworn Member
398,380,Sworn Member
919,380,Sworn Member
966,380,Sworn Member
1432,380,Sworn Member
169,381,Over Lord
620,381,Sworn Member
1032,382,Founder
1005,383,Current Lord
7,383,Over Lord
1005,383,Sworn Member
980,385,Current Lord
96,385,Sworn Member
980,385,Sworn Member
16,386,Over Lord
79,386,Sworn Member
888,386,Sworn Member
781,387,Current Lord
285,387,Over Lord
781,387,Sworn Member
1064,388,Current Lord
328,388,Over Lord
341,388,Sworn Member
1064,388,Sworn Member
1150,389,Current Lord
370,389,Over Lord
1150,389,Sworn Member
395,391,Over Lord
17,392,Over Lord
983,392,Sworn Member
1014,392,Sworn Member
17,393,Over Lord
752,393,Sworn Member
17,394,Over Lord
346,395,Current Lord
894,395,Heir
362,395,Over Lord
223,395,Sworn Member
232,395,Sworn Member
346,395,Sworn Member
347,395,Sworn Member
503,395,Sworn Member
688,395,Sworn Member
733,395,Sworn Member
755,395,Sworn Member
909,395,Sworn Member
937,395,Sworn Member
1063,395,Sworn Member
1321,395,Sworn Member
1364,395,Sworn Member
1371,395,Sworn Member
1621,395,Sworn Member
1744,395,Sworn Member
1818,395,Sworn Member
229,396,Over Lord
612,396,Sworn Member
401,397,Current Lord
398,397,Over Lord
401,397,Founder
401,397,Sworn Member
1618,397,Sworn Member
691,398,Current Lord
1113,398,Heir
16,398,Over Lord
75,398,Founder
16,398,Sworn Member
69,398,Sworn Member
75,398,Sworn Member
77,398,Sworn Member
362,398,Sworn Member
372,398,Sworn Member
408,398,Sworn Member
467,398,Sworn Member
519,398,Sworn Member
532,398,Sworn Member
623,398,Sworn Member
624,398,Sworn Member
626,398,Sworn Member
636,398,Sworn Member
640,398,Sworn Member
647,398,Sworn Member
658,398,Sworn Member
664,398,Sworn Member
665,398,Sworn Member
666,398,Sworn Member
685,398,Sworn Member
686,398,Sworn Member
689,398,Sworn Member
691,398,Sworn Member
736,398,Sworn Member
754,398,Sworn Member
766,398,Sworn Member
783,398,Sworn Member
784,398,Sworn Member
785,398,Sworn Member
838,398,Sworn Member
855,398,Sworn Member
889,398,Sworn Member
1019,398,Sworn Member
1073,398,Sworn Member
1075,398,Sworn Member
1112,398,Sworn Member
1113,398,Sworn Member
1173,398,Sworn Member
1244,398,Sworn Member
1377,398,Sworn Member
1409,398,Sworn Member
1410,398,Sworn Member
2080,398,Sworn Member
398,399,Over Lord
489,399,Sworn Member
926,399,Sworn Member
470,400,Current Lord
285,400,Over Lord
364,400,Sworn Member
470,400,Sworn Member
1061,400,Sworn Member
585,401,Current Lord
362,401,Over Lord
471,401,Sworn Member
495,401,Sworn Member
504,401,Sworn Member
585,401,Sworn Member
586,401,Sworn Member
764,401,Sworn Member
7,402,Over Lord
277,403,Current Lord
285,403,Over Lord
231,403,Sworn Member
277,403,Sworn Member
780,404,Current Lord
929,404,Heir
10,404,Over Lord
1169,404,Founder
365,404,Sworn Member
511,404,Sworn Member
606,404,Sworn Member
780,404,Sworn Member
929,404,Sworn Member
604,405,Current Lord
10,405,Over Lord
1169,405,Founder
378,405,Sworn Member
604,405,Sworn Member
637,405,Sworn Member
879,405,Sworn Member
993,406,Current Lord
398,406,Over Lord
993,406,Sworn Member
757,407,Current Lord
15,407,Over Lord
33,407,Sworn Member
91,407,Sworn Member
110,407,Sworn Member
154,407,Sworn Member
253,407,Sworn Member
610,407,Sworn Member
611,407,Sworn Member
756,407,Sworn Member
757,407,Sworn Member
875,407,Sworn Member
1066,407,Sworn Member
1070,407,Sworn Member
1177,407,Sworn Member
1302,407,Sworn Member
1833,407,Sworn Member
676,408,Current Lord
229,408,Over Lord
676,408,Sworn Member
720,409,Current Lord
178,409,Over Lord
720,409,Sworn Member
660,410,Current Lord
288,410,Heir
10,410,Over Lord
288,410,Sworn Member
370,410,Sworn Member
660,410,Sworn Member
398,411,Over Lord
519,411,Sworn Member
17,413,Over Lord
517,413,Sworn Member
34,414,Over Lord
345,415,Current Lord
7,415,Over Lord
345,415,Sworn Member
395,416,Over Lord
1063,416,Sworn Member
125,417,Current Lord
1727,417,Heir
7,417,Over Lord
92,417,Sworn Member
125,417,Sworn Member
228,417,Sworn Member
373,417,Sworn Member
542,417,Sworn Member
723,417,Sworn Member
1098,417,Sworn Member
1121,417,Sworn Member
1335,417,Sworn Member
1727,417,Sworn Member
1898,418,Sworn Member
326,419,Over Lord
655,419,Sworn Member
864,419,Sworn Member
1263,419,Sworn Member
1562,419,Sworn Member
1891,419,Sworn Member
2094,419,Sworn Member
2115,419,Sworn Member
285,420,Over Lord
2108,420,Sworn Member
34,421,Over Lord
1018,421,Sworn Member
16,422,Over Lord
17,423,Over Lord
398,424,Over Lord
413,425,Current Lord
923,425,Heir
229,425,Over Lord
360,425,Sworn Member
374,425,Sworn Member
413,425,Sworn Member
479,425,Sworn Member
560,425,Sworn Member
561,425,Sworn Member
568,425,Sworn Member
792,425,Sworn Member
856,425,Sworn Member
923,425,Sworn Member
927,425,Sworn Member
997,425,Sworn Member
229,426,Over Lord
972,427,Current Lord
395,427,Over Lord
755,427,Sworn Member
805,427,Sworn Member
960,427,Sworn Member
972,427,Sworn Member
1099,427,Sworn Member
1120,427,Sworn Member
1125,427,Sworn Member
1161,427,Sworn Member
1207,427,Sworn Member
1483,427,Sworn Member
1638,427,Sworn Member
1811,427,Sworn Member
2091,427,Sworn Member
34,428,Over Lord
398,429,Over Lord
371,429,Sworn Member
598,429,Sworn Member
10,430,Over Lord
1120,430,Sworn Member
362,431,Over Lord
150,432,Over Lord
1753,432,Sworn Member
398,433,Over Lord
34,434,Over Lord
627,434,Sworn Member
512,435,Current Lord
362,435,Over Lord
512,435,Sworn Member
1017,435,Sworn Member
7,436,Over Lord
285,437,Over Lord
229,438,Current Lord
17,438,Over Lord
229,438,Sworn Member
370,438,Sworn Member
414,438,Sworn Member
427,438,Sworn Member
543,438,Sworn Member
587,438,Sworn Member
795,438,Sworn Member
890,438,Sworn Member
1045,438,Sworn Member
1117,438,Sworn Member
1097,439,Current Lord
169,439,Over Lord
64,439,Sworn Member
1097,439,Sworn Member
398,440,Over Lord
809,440,Sworn Member
1112,440,Sworn Member
229,441,Over Lord
806,441,Sworn Member
398,442,Over Lord
707,443,Current Lord
229,443,Over Lord
65,443,Founder
65,443,Sworn Member
707,443,Sworn Member
117,444,Current Lord
452,444,Heir
285,444,Over Lord
117,444,Sworn Member
126,444,Sworn Member
246,444,Sworn Member
452,444,Sworn Member
793,444,Sworn Member
1129,444,Sworn Member
